{
  "ingredient": {
    "type": "item",
    "code": "game:clay-*",
    "name": "type",
    "allowedVariants": [ "blue", "fire", "red" ]
  },
  "pattern": [
    [
      "###_###_###",
      "###_###_###",
      "___________",
      "###_###_###",
      "###_###_###",
      "___________",
      "###_###_###",
      "###_###_###",
      "___________",
      "###_###_###",
      "###_###_###"
    ],
    [
      "###_###_###",
      "###_###_###",
      "___________",
      "###_###_###",
      "###_###_###",
      "___________",
      "###_###_###",
      "###_###_###",
      "___________",
      "###_###_###",
      "###_###_###"
    ]
  ],
  "name": "rawbrick",
  "output": {
    "type": "item",
    "code": "game:rawbrick-{type}",
    "stacksize": 12
  }
}