{
  "code": "advancedwand",
  "variantgroups": [
    {
      "code": "wandtype",
      "states": [ "blue", "red", "green" ]
    }
  ],
  "creativeinventory": {
    "general": [ "*" ],
    "examplemod": [ "*" ]
  },
  "textures": {
    "handle": { "base": "item/wand-handle" },
    "head": { "base": "item/wand-{wandtype}" }
  },
  "shape": {
    "base": "item/advancedwand"
  },

  "guiTransform": {
    "translation": {
      "x": 0,
      "y": 0,
      "z": 0
    },
    "rotation": {
      "x": -89,
      "y": 41,
      "z": 33
    },
    "origin": {
      "x": 0.48,
      "y": 0,
      "z": 0.38
    },
    "scale": 1.78
  },
  "fpHandTransform": {
    "translation": {
      "x": -0.3,
      "y": -0.5,
      "z": 0.3
    },
    "rotation": {
      "x": -29,
      "y": 1,
      "z": 88
    },
    "origin": {
      "x": 0.2,
      "y": 0.5,
      "z": 0.5
    },
    "scale": 2.5
  },
  "groundTransform": {
    "translation": {
      "x": 0,
      "y": 0,
      "z": 0
    },
    "rotation": {
      "x": 0,
      "y": 0,
      "z": 0
    },
    "origin": {
      "x": 0.5,
      "y": 0,
      "z": 0.5
    },
    "scale": 3.4
  },
  "tpHandTransform": {
    "translation": {
      "x": -0.45,
      "y": 0.03,
      "z": -0.66
    },
    "rotation": {
      "x": 90,
      "y": 0,
      "z": 0
    },
    "origin": {
      "x": 0.5,
      "y": 0,
      "z": 0.5
    },
    "scale": 0.8
  }
}